{
  "benchmarks/uf_uuf": {
    "total_instances": 11,
    "successful_instances": 11,
    "failed_instances": 0,
    "average_parsing_time_ms": 0.5373454545488956,
    "average_transformation_time_ms": 0.25379999996485736,
    "average_total_time_ms": 0.7911454545137531,
    "median_total_time_ms": 0.7408999999825028,
    "min_total_time_ms": 0.48770000012154924,
    "max_total_time_ms": 1.1674000002130924
  },
  "benchmarks/cbs": {
    "total_instances": 2,
    "successful_instances": 2,
    "failed_instances": 0,
    "average_parsing_time_ms": 0.7990999999947235,
    "average_transformation_time_ms": 0.6778500001018983,
    "average_total_time_ms": 1.4769500000966218,
    "median_total_time_ms": 1.4769500000966218,
    "min_total_time_ms": 1.2180000003354507,
    "max_total_time_ms": 1.7358999998577929
  },
  "benchmarks/dimacs/phole": {
    "total_instances": 1,
    "successful_instances": 1,
    "failed_instances": 0,
    "average_parsing_time_ms": 0.5077999999230087,
    "average_transformation_time_ms": 0.20229999972798396,
    "average_total_time_ms": 0.7100999996509927,
    "median_total_time_ms": 0.7100999996509927,
    "min_total_time_ms": 0.7100999996509927,
    "max_total_time_ms": 0.7100999996509927
  },
  "benchmarks/dimacs/dubois": {
    "total_instances": 1,
    "successful_instances": 1,
    "failed_instances": 0,
    "average_parsing_time_ms": 0.4162000000178523,
    "average_transformation_time_ms": 0.1689000000624219,
    "average_total_time_ms": 0.5851000000802742,
    "median_total_time_ms": 0.5851000000802742,
    "min_total_time_ms": 0.5851000000802742,
    "max_total_time_ms": 0.5851000000802742
  },
  "benchmarks/dimacs/aim": {
    "total_instances": 4,
    "successful_instances": 4,
    "failed_instances": 0,
    "average_parsing_time_ms": 0.5098500000713102,
    "average_transformation_time_ms": 0.19892499994966784,
    "average_total_time_ms": 0.708775000020978,
    "median_total_time_ms": 0.6817999999384483,
    "min_total_time_ms": 0.6664000002274406,
    "max_total_time_ms": 0.8050999999795749
  }
}